{
  "main_split_ratio": 0.5434782608695652,
  "right_stack_ratios": [
    0.18303571428571427,
    0.45982142857142855,
    0.35714285714285715
  ],
  "content_vs_pnote_ratio": 0.9175824175824175
}