{
  "main_split_ratio": 0.7,
  "right_stack_ratios": [
    0.3333333333,
    0.3333333333,
    0.3333333334
  ],
  "content_vs_pnote_ratio": 0.93
}